{
  "Buscar Voos" : {
    "transaction" : "Buscar Voos",
    "sampleCount" : 5242,
    "errorCount" : 81,
    "errorPct" : 1.5452118,
    "meanResTime" : 1310.7331171308606,
    "medianResTime" : 429.0,
    "minResTime" : 162.0,
    "maxResTime" : 10594.0,
    "pct1ResTime" : 3586.499999999999,
    "pct2ResTime" : 5339.399999999998,
    "pct3ResTime" : 10182.279999999999,
    "throughput" : 16.65321786424546,
    "receivedKBytesPerSec" : 117.92714586993367,
    "sentKBytesPerSec" : 4.01036425637918
  },
  "Total" : {
    "transaction" : "Total",
    "sampleCount" : 21463,
    "errorCount" : 288,
    "errorPct" : 1.3418441,
    "meanResTime" : 5010.238550062871,
    "medianResTime" : 567.0,
    "minResTime" : 160.0,
    "maxResTime" : 31834.0,
    "pct1ResTime" : 21552.0,
    "pct2ResTime" : 21756.0,
    "pct3ResTime" : 25113.94000000001,
    "throughput" : 65.831769050511,
    "receivedKBytesPerSec" : 388.1814191380801,
    "sentKBytesPerSec" : 15.807272017280724
  },
  "Preencher Formulário de Compra" : {
    "transaction" : "Preencher Formulário de Compra",
    "sampleCount" : 5196,
    "errorCount" : 55,
    "errorPct" : 1.0585065,
    "meanResTime" : 1289.505773672057,
    "medianResTime" : 398.0,
    "minResTime" : 161.0,
    "maxResTime" : 10733.0,
    "pct1ResTime" : 3825.800000000001,
    "pct2ResTime" : 5556.299999999999,
    "pct3ResTime" : 9960.929999999993,
    "throughput" : 16.678436155870834,
    "receivedKBytesPerSec" : 93.18204273528278,
    "sentKBytesPerSec" : 6.809111340036592
  },
  "Home Page" : {
    "transaction" : "Home Page",
    "sampleCount" : 5812,
    "errorCount" : 88,
    "errorPct" : 1.5141088,
    "meanResTime" : 14980.893840330333,
    "medianResTime" : 21491.0,
    "minResTime" : 318.0,
    "maxResTime" : 31834.0,
    "pct1ResTime" : 22267.7,
    "pct2ResTime" : 23856.64999999999,
    "pct3ResTime" : 29150.229999999996,
    "throughput" : 17.826689732170244,
    "receivedKBytesPerSec" : 81.61608483397131,
    "sentKBytesPerSec" : 2.071656326297128
  },
  "Escolher Voo" : {
    "transaction" : "Escolher Voo",
    "sampleCount" : 5213,
    "errorCount" : 64,
    "errorPct" : 1.2277,
    "meanResTime" : 1322.5896796470422,
    "medianResTime" : 404.0,
    "minResTime" : 160.0,
    "maxResTime" : 11186.0,
    "pct1ResTime" : 3931.8000000000065,
    "pct2ResTime" : 5410.600000000002,
    "pct3ResTime" : 10200.359999999991,
    "throughput" : 16.61148623888292,
    "receivedKBytesPerSec" : 107.70077593991282,
    "sentKBytesPerSec" : 3.4877632239842074
  }
}